{
  "train_MSE": 92.66770195403001,
  "train_RMSE": 9.626406492249847,
  "train_MAE": 0.8369824010631061,
  "train_R2": 0.41283517104688816,
  "train_MSLE": 0.019969224199867297,
  "train_ACP@20%": 0.9800932023097964,
  "train_ACP@50%": 0.9805767123161511,
  "train_LogNLL": -3.524710700229664,
  "train_PICP@95%": 0.967996242436522,
  "train_MPIW": 43643566496863.125,
  "val_MSE": 112.37480034885276,
  "val_RMSE": 10.60069810667452,
  "val_MAE": 0.9674444991383295,
  "val_R2": 0.037118128332356504,
  "val_MSLE": 0.029898199313611415,
  "val_ACP@20%": 0.9764965923742862,
  "val_ACP@50%": 0.9765702707680972,
  "val_LogNLL": -0.3449833808098597,
  "val_PICP@95%": 0.9503407625713759,
  "val_MPIW": 4303608230537.316,
  "test_MSE": 262.64967850171035,
  "test_RMSE": 16.206470266585207,
  "test_MAE": 1.1503733218589167,
  "test_R2": 0.03396338386386921,
  "test_MSLE": 0.034800657046580044,
  "test_ACP@20%": 0.9752808988764045,
  "test_ACP@50%": 0.9753545772702155,
  "test_LogNLL": -0.7282720540813702,
  "test_PICP@95%": 0.9500092097992264,
  "test_MPIW": 6409096584410.097,
  "train_NLL": -2.568945100249918,
  "val_NLL": 0.6329177822284829,
  "test_NLL": 0.2949875300973379
}