{
  "train_MSE": 147.842524284835,
  "train_RMSE": 12.159051126006297,
  "train_MAE": 0.9454607026986851,
  "train_R2": 0.06323423746102452,
  "train_MSLE": 0.026315602668486506,
  "train_ACP@20%": 0.9794439174441201,
  "train_ACP@50%": 0.9795682485886112,
  "val_MSE": 111.38424206224698,
  "val_RMSE": 10.553873320361912,
  "val_MAE": 0.9554884975987435,
  "val_R2": 0.04560571286235737,
  "val_MSLE": 0.028206026371217153,
  "val_ACP@20%": 0.9781911954319396,
  "val_ACP@50%": 0.9783017130226561,
  "feature_groups": "base,text,lda,density",
  "feature_cols": [
    "用户总评论数",
    "用户是否认证",
    "是否一级评论",
    "微博评论数",
    "发布小时",
    "发布星期",
    "是否工作日",
    "评论长度",
    "感叹号数",
    "问号数",
    "表情数",
    "话题标签有无",
    "小米相关词数",
    "主题",
    "时间顺序索引",
    "最大相似度",
    "重复次数"
  ],
  "test_MSE": 267.61794542354147,
  "test_RMSE": 16.359032533238068,
  "test_MAE": 1.1345190271118348,
  "test_R2": 0.0156898881847356,
  "test_MSLE": 0.03353141268793598,
  "test_ACP@20%": 0.9778964818566955,
  "test_ACP@50%": 0.9779701602505065
}