{
  "train_MSE": 157.86817932128906,
  "train_RMSE": 12.56456045077937,
  "train_MAE": 1.0426782369613647,
  "train_R2": -0.00029075145721435547,
  "train_MSLE": 0.03234279528260231,
  "train_ACP@20%": 0.9790801337250532,
  "train_ACP@50%": 0.9790801337250532,
  "val_MSE": 116.75240325927734,
  "val_RMSE": 10.805202601491438,
  "val_MAE": 1.036383867263794,
  "val_R2": -0.00039124488830566406,
  "val_MSLE": 0.03286382555961609,
  "val_ACP@20%": 0.9777491250690735,
  "val_ACP@50%": 0.9777491250690735,
  "feature_groups": "base,text,lda,density",
  "feature_cols": [
    "用户总评论数",
    "用户是否认证",
    "是否一级评论",
    "微博评论数",
    "发布小时",
    "发布星期",
    "是否工作日",
    "评论长度",
    "感叹号数",
    "问号数",
    "表情数",
    "话题标签有无",
    "小米相关词数",
    "主题",
    "时间顺序索引",
    "最大相似度",
    "重复次数"
  ],
  "test_MSE": 272.067626953125,
  "test_RMSE": 16.494472618217443,
  "test_MAE": 1.212609052658081,
  "test_R2": -0.0006760358810424805,
  "test_MSLE": 0.03792821988463402,
  "test_ACP@20%": 0.9780069994474121,
  "test_ACP@50%": 0.9780069994474121
}