{
  "train_MSE": 89.73381805419922,
  "train_RMSE": 9.472793571813925,
  "train_MAE": 0.8201431035995483,
  "train_R2": 0.43142491579055786,
  "train_MSLE": 0.01872304640710354,
  "train_ACP@20%": 0.9814608448991997,
  "train_ACP@50%": 0.9820548714784354,
  "val_MSE": 106.08090209960938,
  "val_RMSE": 10.299558344881074,
  "val_MAE": 0.9541699290275574,
  "val_R2": 0.09104740619659424,
  "val_MSLE": 0.027972649782896042,
  "val_ACP@20%": 0.9771228587216799,
  "val_ACP@50%": 0.9773438939031129,
  "test_MSE": 266.7891540527344,
  "test_RMSE": 16.333681582935746,
  "test_MAE": 1.1377005577087402,
  "test_R2": 0.018738269805908203,
  "test_MSLE": 0.03398934006690979,
  "test_ACP@20%": 0.9775280898876404,
  "test_ACP@50%": 0.977638607478357,
  "feature_groups": "base,text,lda,density",
  "feature_cols": [
    "用户总评论数",
    "用户是否认证",
    "是否一级评论",
    "微博评论数",
    "发布小时",
    "发布星期",
    "是否工作日",
    "评论长度",
    "感叹号数",
    "问号数",
    "表情数",
    "话题标签有无",
    "小米相关词数",
    "主题",
    "时间顺序索引",
    "最大相似度",
    "重复次数"
  ]
}