{
  "train_MSE": 54.97816063132778,
  "train_RMSE": 7.414725930965202,
  "train_MAE": 0.7871113682913092,
  "train_R2": 0.6516451622026393,
  "train_MSLE": 0.01786889283345522,
  "train_ACP@20%": 0.9814838691852166,
  "train_ACP@50%": 0.9822436706237739,
  "train_LogNLL": -3.7067923603069723,
  "train_PICP@95%": 0.9695388695996537,
  "train_MPIW": 421897715331530.6,
  "val_MSE": 94.47329985594541,
  "val_RMSE": 9.719737643370083,
  "val_MAE": 0.955389102741071,
  "val_R2": 0.19050687960719548,
  "val_MSLE": 0.028261457383609724,
  "val_ACP@20%": 0.9761282004052312,
  "val_ACP@50%": 0.9762018787990422,
  "val_LogNLL": 0.7647883554847036,
  "val_PICP@95%": 0.9413888377233376,
  "val_MPIW": 11444638.020149527,
  "test_MSE": 267.9189205466173,
  "test_RMSE": 16.368228998478035,
  "test_MAE": 1.1476608294728072,
  "test_R2": 0.014582888963964091,
  "test_MSLE": 0.03468876758554629,
  "test_ACP@20%": 0.9760545220114202,
  "test_ACP@50%": 0.9761282004052312,
  "test_LogNLL": -0.8334343402974664,
  "test_PICP@95%": 0.9443728126726837,
  "test_MPIW": 1957419738920.6555,
  "feature_groups": "base,text,lda,density",
  "feature_cols": [
    "用户总评论数",
    "用户是否认证",
    "是否一级评论",
    "微博评论数",
    "发布小时",
    "发布星期",
    "是否工作日",
    "评论长度",
    "感叹号数",
    "问号数",
    "表情数",
    "话题标签有无",
    "小米相关词数",
    "主题",
    "时间顺序索引",
    "最大相似度",
    "重复次数"
  ],
  "train_NLL": -2.7495589738963933,
  "val_NLL": 1.7372604652188435,
  "test_NLL": 0.14309889536999018
}