{
  "用户总评论数": 0.05487755313515663,
  "用户是否认证": 0.041095100343227386,
  "是否一级评论": 0.1447090059518814,
  "微博评论数": 0.09190043061971664,
  "发布小时": 0.05765761435031891,
  "发布星期": 0.040183451026678085,
  "是否工作日": 0.0,
  "评论长度": 0.07221152633428574,
  "感叹号数": 0.027082715183496475,
  "问号数": 0.05641879141330719,
  "表情数": 0.05235942080616951,
  "话题标签有无": 0.052501242607831955,
  "小米相关词数": 0.055300381034612656,
  "主题": 0.03957067430019379,
  "时间顺序索引": 0.0992448478937149,
  "最大相似度": 0.06666900217533112,
  "重复次数": 0.04821820184588432
}