{
  "train_MSE": 158.10179138183594,
  "train_RMSE": 12.573853481802464,
  "train_MAE": 0.8717166185379028,
  "train_R2": -0.0017709732055664062,
  "train_MSLE": 0.032381899898851714,
  "train_ACP@20%": 0.9790801337250532,
  "train_ACP@50%": 0.9790801337250532,
  "train_LogNLL": -2.912056116159937,
  "train_PICP@95%": 0.9784584780025971,
  "train_MPIW@95%": 2.9835126899023736,
  "val_MSE": 116.9789810180664,
  "val_RMSE": 10.815682179967494,
  "val_MAE": 0.8652167916297913,
  "val_R2": -0.0023326873779296875,
  "val_MSLE": 0.032932983694977394,
  "val_ACP@20%": 0.9777491250690735,
  "val_ACP@50%": 0.9777491250690735,
  "val_LogNLL": -2.8979389156234574,
  "val_PICP@95%": 0.9778964818566955,
  "val_MPIW@95%": 2.9841902895455292,
  "model": "bge_mini",
  "freeze_bert": true,
  "train_NLL": -2.9110673834756042,
  "val_NLL": -2.8969532545637438,
  "test_MSE": 272.3760986328125,
  "test_RMSE": 16.503820728328712,
  "test_MAE": 1.0405739545822144,
  "test_R2": -0.0018106698989868164,
  "test_MSLE": 0.03801352600290362,
  "test_ACP@20%": 0.9780069994474121,
  "test_ACP@50%": 0.9780069994474121,
  "test_LogNLL": -2.825041449756242,
  "test_PICP@95%": 0.9774544114938294,
  "test_MPIW@95%": 3.0049806473321747,
  "test_NLL": -2.8240409398215056
}