{
  "train_MSE": 157.32791137695312,
  "train_RMSE": 12.54304234932471,
  "train_MAE": 1.0536295175552368,
  "train_R2": 0.0031325221061706543,
  "train_MSLE": 0.031026778742671013,
  "train_ACP@20%": 0.9793656348716626,
  "train_ACP@50%": 0.9793656348716626,
  "val_MSE": 116.22381591796875,
  "val_RMSE": 10.78071500031277,
  "val_MAE": 1.0454257726669312,
  "val_R2": 0.004137933254241943,
  "val_MSLE": 0.03147406503558159,
  "val_ACP@20%": 0.9781543562350341,
  "val_ACP@50%": 0.9781543562350341,
  "feature_groups": "base,text,lda,density",
  "feature_cols": [
    "用户总评论数",
    "用户是否认证",
    "是否一级评论",
    "微博评论数",
    "发布小时",
    "发布星期",
    "是否工作日",
    "评论长度",
    "感叹号数",
    "问号数",
    "表情数",
    "话题标签有无",
    "小米相关词数",
    "主题",
    "时间顺序索引",
    "最大相似度",
    "重复次数"
  ],
  "test_MSE": 271.39404296875,
  "test_RMSE": 16.4740414886193,
  "test_MAE": 1.2220755815505981,
  "test_R2": 0.0018013715744018555,
  "test_MSLE": 0.036457739770412445,
  "test_ACP@20%": 0.9782648738257506,
  "test_ACP@50%": 0.9782648738257506
}