{
  "用户总评论数": 0.07636933036753386,
  "用户是否认证": 0.003714240601186477,
  "是否一级评论": 0.24885391884739183,
  "微博评论数": 0.12217201517883261,
  "发布小时": 0.03619549074489672,
  "发布星期": 0.01608321220453396,
  "是否工作日": 0.0008728345295096999,
  "评论长度": 0.08498765674980369,
  "感叹号数": 0.007261799773127471,
  "问号数": 0.014711064877699881,
  "表情数": 0.016429174295508473,
  "话题标签有无": 0.0019362351859481233,
  "小米相关词数": 0.016803131438344346,
  "主题": 0.020852530979562633,
  "时间顺序索引": 0.2502573748470379,
  "最大相似度": 0.06285530439286247,
  "重复次数": 0.01964468498621982
}