{
  "train_MSE": 59.666925666227314,
  "train_RMSE": 7.724436915803463,
  "train_MAE": 0.7878611289905526,
  "train_R2": 0.6219360201643072,
  "train_MSLE": 0.017599056255379622,
  "train_ACP@20%": 0.9815391274716571,
  "train_ACP@50%": 0.9823081386246213,
  "train_LogNLL": -3.641190959861482,
  "train_PICP@95%": 0.9706118013280408,
  "train_MPIW@95%": 28685937.928537328,
  "val_MSE": 90.10970598527439,
  "val_RMSE": 9.492613232681208,
  "val_MAE": 0.9586866132324778,
  "val_R2": 0.22789627136002433,
  "val_MSLE": 0.02843689750876669,
  "val_ACP@20%": 0.975833486829987,
  "val_ACP@50%": 0.9761282004052312,
  "val_LogNLL": -0.7060560595928024,
  "val_PICP@95%": 0.9429729231902745,
  "val_MPIW@95%": 11624379.57260594,
  "feature_groups": "base,text,lda,density",
  "feature_cols": [
    "用户总评论数",
    "用户是否认证",
    "是否一级评论",
    "微博评论数",
    "发布小时",
    "发布星期",
    "是否工作日",
    "评论长度",
    "感叹号数",
    "问号数",
    "表情数",
    "话题标签有无",
    "小米相关词数",
    "主题",
    "时间顺序索引",
    "最大相似度",
    "重复次数"
  ],
  "train_NLL": -2.6921922659157964,
  "val_NLL": 0.2532462614901258,
  "test_MSE": 267.7274920683742,
  "test_RMSE": 16.36238039126258,
  "test_MAE": 1.1562931899688325,
  "test_R2": 0.015286970996003735,
  "test_MSLE": 0.03496842437680226,
  "test_ACP@20%": 0.9755756124516486,
  "test_ACP@50%": 0.9757229692392706,
  "test_LogNLL": -0.2952031382389047,
  "test_PICP@95%": 0.9430097623871799,
  "test_MPIW@95%": 8857315.055918219,
  "test_NLL": 0.6770220172990968
}