{
  "用户总评论数": 0.1262296932094509,
  "用户是否认证": 0.006400030050647392,
  "是否一级评论": 0.11993022184448271,
  "微博评论数": 0.17064179610395963,
  "发布小时": 0.04804579936183598,
  "发布星期": 0.010362190953893353,
  "是否工作日": 0.0006685623511226602,
  "评论长度": 0.1383440659695767,
  "感叹号数": 0.005397896717366826,
  "问号数": 0.02962203500476019,
  "表情数": 0.01078422487783439,
  "话题标签有无": 0.00023681011665189545,
  "小米相关词数": 0.022955646526769846,
  "主题": 0.018294657776269055,
  "时间顺序索引": 0.22097520603883075,
  "最大相似度": 0.05320218922096921,
  "重复次数": 0.01790897387557858
}