{
  "train_MSE": 130.45495102096245,
  "train_RMSE": 11.42168774835674,
  "train_MAE": 0.9275284511024898,
  "train_R2": 0.17340608014312786,
  "train_MSLE": 0.02561457889176329,
  "train_ACP@20%": 0.9798859837356444,
  "train_ACP@50%": 0.980088597452593,
  "val_MSE": 110.00534862553197,
  "val_RMSE": 10.488343464319424,
  "val_MAE": 0.953348405688042,
  "val_R2": 0.05742074157922883,
  "val_MSLE": 0.028883329255093827,
  "val_ACP@20%": 0.977785964265979,
  "val_ACP@50%": 0.9779701602505065,
  "feature_groups": "base,text,lda,density",
  "feature_cols": [
    "用户总评论数",
    "用户是否认证",
    "是否一级评论",
    "微博评论数",
    "发布小时",
    "发布星期",
    "是否工作日",
    "评论长度",
    "感叹号数",
    "问号数",
    "表情数",
    "话题标签有无",
    "小米相关词数",
    "主题",
    "时间顺序索引",
    "最大相似度",
    "重复次数"
  ],
  "test_MSE": 269.5831510729206,
  "test_RMSE": 16.41898751668082,
  "test_MAE": 1.1378745740031515,
  "test_R2": 0.00846177876397558,
  "test_MSLE": 0.03474968430529582,
  "test_ACP@20%": 0.9778964818566955,
  "test_ACP@50%": 0.977933321053601
}