{
  "用户总评论数": 0.11885968709343005,
  "用户是否认证": 0.005522922043762498,
  "是否一级评论": 0.06467735675073197,
  "微博评论数": 0.17109182185422897,
  "发布小时": 0.049975440967177036,
  "发布星期": 0.014798287914142613,
  "是否工作日": 0.0010260465046102152,
  "评论长度": 0.1095986156444007,
  "感叹号数": 0.006271263756200029,
  "问号数": 0.026587143877498772,
  "表情数": 0.017537233549853593,
  "话题标签有无": 0.0011939371670996292,
  "小米相关词数": 0.022733505806825812,
  "主题": 0.02340139995438414,
  "时间顺序索引": 0.28476611840281485,
  "最大相似度": 0.06387065538170997,
  "重复次数": 0.01808856333112912
}