{
  "train_MSE": 57.74434782519108,
  "train_RMSE": 7.598970181885903,
  "train_MAE": 0.7834584925726938,
  "train_R2": 0.6341179353880286,
  "train_MSLE": 0.017196545232147982,
  "train_ACP@20%": 0.9817279266169956,
  "train_ACP@50%": 0.9824600989123328,
  "val_MSE": 92.60633927722422,
  "val_RMSE": 9.623218758670314,
  "val_MAE": 0.9570630640482057,
  "val_R2": 0.20650390465897017,
  "val_MSLE": 0.02820752752197139,
  "val_ACP@20%": 0.9770123411309634,
  "val_ACP@50%": 0.9772333763123964,
  "feature_groups": "base,text,lda,density",
  "feature_cols": [
    "用户总评论数",
    "用户是否认证",
    "是否一级评论",
    "微博评论数",
    "发布小时",
    "发布星期",
    "是否工作日",
    "评论长度",
    "感叹号数",
    "问号数",
    "表情数",
    "话题标签有无",
    "小米相关词数",
    "主题",
    "时间顺序索引",
    "最大相似度",
    "重复次数"
  ],
  "test_MSE": 269.151225802498,
  "test_RMSE": 16.40582901905594,
  "test_MAE": 1.1505619011034995,
  "test_R2": 0.010050418160158947,
  "test_MSLE": 0.034704283459841015,
  "test_ACP@20%": 0.9767176275557193,
  "test_ACP@50%": 0.9767913059495303
}